{
  "four_fifths_ratio": 0.8853355831633669,
  "four_fifths_pass": true,
  "by_gender": {
    "F": {
      "n": 40561.0,
      "default_rate": 0.06991938068588052,
      "approval_rate": 0.7309484480165677,
      "FN_rate": 0.33885754583921013,
      "FP_rate": 0.23957587806494368
    },
    "M": {
      "n": 20940.0,
      "default_rate": 0.10167144221585482,
      "approval_rate": 0.6471346704871059,
      "FN_rate": 0.2625645843118835,
      "FP_rate": 0.3093402796236245
    }
  }
}